CustomerID,Product,Sales,CouponType,CouponUsed,Gender,Income,PurchaseMonth,Age,Year
1,Tablet,48605,Discount10,0,Male,,8,26,2023
2,Accessories,41080,Clearance,1,Female,,7,62,2023
3,Laptop,39088,BOGO,1,Male,139747.0,8,39,2023
4,Tablet,14216,HolidayDeal,1,Male,32356.0,6,49,2022
5,Tablet,36547,Clearance,1,Female,148128.0,6,22,2024
6,Accessories,32471,Clearance,1,Female,118499.0,2,40,2024
7,Laptop,18308,HolidayDeal,0,Male,,6,22,2024
8,Laptop,28532,BOGO,1,Male,97243.0,5,59,2022
9,Tablet,35349,Discount10,0,Female,55098.0,3,49,2024
10,Smartphone,46445,Discount10,1,Female,112471.0,6,27,2022
11,Tablet,6713,BOGO,1,Female,41225.0,8,56,2023
12,Tablet,5804,,0,Female,23606.0,9,32,2023
13,Tablet,11136,Clearance,1,Male,148664.0,1,24,2024
14,Tablet,1009,Clearance,1,Female,77620.0,3,46,2022
15,Accessories,20255,Clearance,1,Female,52828.0,3,64,2023
16,Laptop,24793,BOGO,0,Female,146270.0,11,20,2022
17,Accessories,30548,Clearance,1,Male,46489.0,8,36,2022
18,Accessories,38892,HolidayDeal,1,Male,34387.0,1,27,2023
19,Accessories,2015,Clearance,0,Male,89463.0,5,45,2022
20,Tablet,28712,Discount10,0,Male,91832.0,3,46,2023
21,Smartphone,35961,Clearance,1,Female,,2,32,2023
22,Laptop,9415,BOGO,0,Male,131926.0,8,52,2023
23,Smartphone,47318,Discount10,1,Female,132429.0,3,23,2022
24,Accessories,48280,BOGO,1,Female,22591.0,7,29,2023
25,Accessories,24833,BOGO,1,Female,143446.0,12,64,2022
26,Smartphone,5158,Discount10,0,Female,130431.0,11,55,2023
27,Smartphone,21309,BOGO,1,Male,68516.0,1,30,2023
28,Smartphone,7970,BOGO,0,Male,,6,46,2024
29,Accessories,7938,Clearance,0,Male,82061.0,3,36,2024
30,Accessories,22168,HolidayDeal,1,Female,124425.0,8,20,2024
31,Laptop,47540,BOGO,0,Female,86736.0,6,25,2022
32,Laptop,21384,,0,Female,101257.0,12,25,2022
33,Accessories,19017,BOGO,1,Female,81753.0,2,37,2023
34,Smartphone,11344,Clearance,0,Female,104774.0,6,64,2023
35,Smartphone,41034,HolidayDeal,0,Male,31087.0,7,21,2023
36,Laptop,9702,Discount10,1,Female,,5,38,2023
37,Accessories,1384,Clearance,1,Male,43408.0,3,20,2022
38,Laptop,1404,Clearance,1,Female,144116.0,4,62,2023
39,Laptop,41943,HolidayDeal,0,Female,,4,25,2023
40,Tablet,48926,HolidayDeal,1,Male,20136.0,6,40,2024
41,Tablet,30189,Clearance,0,Male,37413.0,10,33,2023
42,Tablet,13763,Discount10,0,Female,133650.0,1,30,2023
43,Smartphone,19384,Clearance,1,Female,79500.0,11,20,2023
44,Accessories,33606,HolidayDeal,0,Female,104514.0,4,26,2022
45,Accessories,10860,Discount10,0,Female,76358.0,10,31,2024
46,Accessories,39757,HolidayDeal,1,Male,86197.0,4,30,2023
47,Accessories,16106,Discount10,1,Female,120776.0,10,24,2023
48,Tablet,24574,BOGO,1,Male,112789.0,1,32,2024
49,Smartphone,24524,HolidayDeal,0,Female,,9,24,2023
50,Smartphone,4636,HolidayDeal,0,Male,52854.0,4,55,2022
51,Tablet,11916,Clearance,0,Male,96240.0,7,51,2023
52,Smartphone,5809,HolidayDeal,0,Female,124523.0,12,58,2022
53,Tablet,33201,HolidayDeal,1,Male,149494.0,3,39,2022
54,Accessories,14456,BOGO,1,Female,110063.0,10,41,2023
55,Tablet,49212,HolidayDeal,1,Male,36322.0,12,54,2024
56,Accessories,39765,BOGO,1,Female,,3,61,2022
57,Accessories,35816,BOGO,1,Male,26968.0,8,18,2024
58,Laptop,46106,BOGO,1,Female,47518.0,8,27,2023
59,Tablet,18100,BOGO,0,Female,,11,60,2022
60,Laptop,22949,Discount10,1,Male,79848.0,12,33,2023
61,Tablet,5544,Clearance,1,Male,131900.0,1,63,2024
62,Tablet,38744,Discount10,0,Male,113422.0,10,25,2023
63,Laptop,46543,HolidayDeal,0,Male,21700.0,2,42,2023
64,Laptop,43783,Discount10,1,Female,113782.0,8,29,2022
65,Tablet,27657,Discount10,0,Male,121004.0,1,42,2023
66,Smartphone,37187,HolidayDeal,0,Female,,12,34,2023
67,Accessories,48198,HolidayDeal,1,Male,64589.0,8,43,2023
68,Laptop,8239,HolidayDeal,1,Female,,8,63,2022
69,Accessories,15489,,1,Female,81934.0,2,31,2024
70,Smartphone,44125,Discount10,1,Female,136335.0,4,58,2024
71,Smartphone,29538,HolidayDeal,0,Female,140726.0,6,53,2023
72,Smartphone,33049,Clearance,1,Male,74316.0,12,40,2022
73,Laptop,38131,Clearance,0,Male,,11,60,2023
74,Smartphone,43944,,1,Female,129814.0,9,23,2024
75,Laptop,9427,HolidayDeal,1,Male,56455.0,8,64,2022
76,Smartphone,42348,BOGO,0,Male,135284.0,12,22,2024
77,Accessories,25285,Clearance,0,Female,106465.0,8,60,2024
78,Accessories,38626,BOGO,0,Male,143364.0,7,42,2022
79,Tablet,43808,HolidayDeal,0,Male,61605.0,9,35,2022
80,Accessories,23928,HolidayDeal,0,Male,34955.0,2,30,2023
81,Tablet,20198,HolidayDeal,1,Female,64049.0,3,60,2023
82,Accessories,20758,Discount10,1,Male,33917.0,10,31,2024
83,Laptop,16254,BOGO,0,Female,90293.0,8,45,2022
84,Accessories,45238,Clearance,0,Male,98581.0,6,35,2022
85,Tablet,2252,Clearance,0,Male,139072.0,10,45,2023
86,Tablet,40764,Clearance,1,Male,84925.0,9,44,2024
87,Smartphone,13173,Discount10,0,Female,127216.0,10,49,2024
88,Laptop,38441,Discount10,1,Female,90269.0,4,64,2023
89,Accessories,27698,HolidayDeal,1,Male,50954.0,8,26,2022
90,Smartphone,16781,Clearance,1,Female,116671.0,10,57,2023
91,Accessories,14051,Discount10,1,Male,92617.0,3,49,2023
92,Accessories,40649,HolidayDeal,0,Female,61458.0,3,37,2023
93,Smartphone,7949,Clearance,1,Female,109037.0,8,45,2023
94,Smartphone,43289,BOGO,0,Male,41113.0,5,50,2022
95,Smartphone,9017,HolidayDeal,0,Male,119977.0,3,21,2023
96,Smartphone,7941,Discount10,1,Male,132622.0,10,63,2022
97,Smartphone,26934,Discount10,1,Male,145947.0,11,51,2023
98,Accessories,24386,HolidayDeal,1,Female,110226.0,1,20,2024
99,Smartphone,11209,HolidayDeal,0,Female,,3,43,2022
100,Laptop,18715,,0,Female,49345.0,12,25,2024
101,Tablet,29920,BOGO,1,Male,,9,23,2023
102,Smartphone,32703,Clearance,0,Male,66313.0,5,33,2023
103,Smartphone,43318,BOGO,1,Female,130107.0,12,41,2023
104,Accessories,5637,HolidayDeal,1,Male,141866.0,10,56,2022
105,Smartphone,5854,BOGO,1,Female,112365.0,2,47,2024
106,Smartphone,44088,,0,Female,120598.0,7,62,2022
107,Smartphone,38660,HolidayDeal,1,Female,89166.0,2,30,2022
108,Accessories,40811,Clearance,0,Female,67861.0,4,22,2023
109,Smartphone,20856,Discount10,1,Female,,12,42,2024
110,Tablet,22833,Discount10,1,Male,69298.0,7,37,2023
111,Accessories,20963,Clearance,1,Male,67221.0,4,35,2022
112,Tablet,37932,Clearance,0,Male,,7,64,2023
113,Accessories,28169,BOGO,1,Female,23453.0,7,35,2024
114,Smartphone,8941,HolidayDeal,1,Female,122811.0,1,19,2023
115,Tablet,15388,Clearance,0,Female,74935.0,6,27,2024
116,Accessories,6569,Clearance,0,Female,142439.0,9,62,2024
117,Laptop,5300,HolidayDeal,1,Male,63370.0,2,64,2023
118,Smartphone,40037,Clearance,1,Male,123932.0,3,29,2022
119,Accessories,37586,Clearance,1,Female,28328.0,10,64,2023
120,Laptop,13015,BOGO,0,Female,35534.0,5,30,2022
121,Accessories,46002,Discount10,0,Female,105280.0,9,64,2022
122,Laptop,7254,Discount10,1,Male,104925.0,4,28,2023
123,Smartphone,18144,,0,Male,56320.0,1,36,2022
124,Tablet,25214,Discount10,1,Male,69170.0,4,52,2022
125,Laptop,41118,Clearance,1,Female,120546.0,6,56,2023
126,Accessories,16183,HolidayDeal,1,Female,100201.0,5,43,2023
127,Smartphone,7238,HolidayDeal,1,Male,148935.0,1,63,2023
128,Laptop,7090,BOGO,1,Female,141006.0,4,31,2022
129,Accessories,12637,BOGO,0,Male,123401.0,6,62,2024
130,Accessories,23415,Clearance,1,Female,28640.0,10,61,2022
131,Accessories,25071,HolidayDeal,1,Male,120252.0,10,41,2024
132,Laptop,46415,HolidayDeal,1,Female,111057.0,4,58,2023
133,Laptop,43679,Discount10,0,Male,50049.0,9,18,2024
134,Laptop,42240,Clearance,1,Male,25618.0,5,60,2023
135,Tablet,19271,Clearance,0,Male,122540.0,8,39,2023
136,Laptop,37034,Discount10,1,Male,76053.0,9,40,2024
137,Laptop,34434,Clearance,1,Male,21920.0,10,36,2023
138,Laptop,5188,Clearance,1,Male,63937.0,5,35,2024
139,Tablet,11161,BOGO,0,Female,89724.0,6,29,2023
140,Laptop,29732,,1,Female,32207.0,1,45,2022
141,Accessories,12314,Clearance,1,Female,85774.0,11,45,2022
142,Laptop,24954,BOGO,0,Male,52972.0,12,50,2023
143,Accessories,22508,HolidayDeal,0,Male,30799.0,7,36,2023
144,Accessories,22969,Discount10,0,Female,91088.0,4,45,2024
145,Accessories,46659,BOGO,0,Male,48916.0,11,54,2022
146,Tablet,38545,BOGO,1,Male,90463.0,2,43,2024
147,Tablet,37668,HolidayDeal,1,Male,113500.0,5,52,2023
148,Tablet,24061,Discount10,1,Male,96700.0,12,51,2023
149,Laptop,14716,BOGO,0,Male,57158.0,3,52,2024
150,Accessories,40749,Clearance,0,Female,104607.0,6,57,2023
151,Tablet,40144,Clearance,1,Female,139639.0,8,33,2022
152,Tablet,17907,Clearance,0,Female,133945.0,7,55,2024
153,Laptop,19777,Discount10,1,Female,91696.0,3,30,2022
154,Tablet,28693,BOGO,1,Female,81510.0,8,40,2022
155,Laptop,43928,Clearance,1,Male,140076.0,2,39,2022
156,Smartphone,27329,Discount10,1,Male,78692.0,10,33,2024
157,Tablet,47892,Clearance,0,Male,81744.0,9,45,2023
158,Smartphone,17282,HolidayDeal,0,Male,35810.0,4,52,2022
159,Laptop,24624,BOGO,0,Female,25126.0,1,62,2022
160,Accessories,24321,BOGO,1,Female,50009.0,8,63,2022
161,Tablet,11488,Discount10,0,Female,,7,25,2023
162,Laptop,23574,Discount10,0,Male,131718.0,11,61,2023
163,Accessories,6240,BOGO,1,Female,110932.0,5,39,2024
164,Accessories,44221,Clearance,0,Male,20192.0,10,38,2023
165,Smartphone,11478,Clearance,0,Female,136464.0,5,43,2024
166,Laptop,46162,HolidayDeal,0,Female,56413.0,7,57,2024
167,Accessories,20262,Clearance,1,Male,32816.0,5,38,2024
168,Tablet,5432,Discount10,1,Male,59082.0,8,42,2024
169,Tablet,30721,Discount10,1,Female,85048.0,11,58,2024
170,Smartphone,14568,Clearance,0,Female,143130.0,6,18,2022
171,Accessories,15178,,1,Male,70940.0,5,23,2023
172,Laptop,23195,BOGO,1,Female,52130.0,9,40,2022
173,Tablet,1302,BOGO,0,Female,60142.0,11,40,2024
174,Accessories,18022,Clearance,1,Male,149564.0,2,60,2023
175,Accessories,1055,BOGO,0,Female,56468.0,1,60,2022
176,Smartphone,46781,BOGO,1,Male,,8,40,2022
177,Tablet,9717,HolidayDeal,1,Female,30655.0,12,49,2024
178,Tablet,29699,HolidayDeal,0,Male,,3,47,2022
179,Laptop,9150,BOGO,1,Female,50075.0,11,30,2022
180,Tablet,3125,Clearance,1,Male,29359.0,12,60,2022
181,Laptop,45247,HolidayDeal,1,Female,,12,35,2022
182,Tablet,49513,Discount10,0,Male,122197.0,12,40,2022
183,Smartphone,17748,Discount10,0,Female,125115.0,7,32,2024
184,Tablet,40577,Discount10,0,Female,62056.0,10,50,2024
185,Laptop,5621,Clearance,1,Female,71831.0,11,38,2022
186,Laptop,16034,BOGO,0,Female,79191.0,8,56,2024
187,Smartphone,47391,Discount10,1,Female,138592.0,6,40,2024
188,Tablet,6126,Clearance,1,Female,,12,44,2023
189,Tablet,6122,HolidayDeal,0,Female,53272.0,10,62,2022
190,Smartphone,19030,BOGO,1,Female,128117.0,9,61,2024
191,Tablet,18302,HolidayDeal,0,Female,34671.0,7,35,2024
192,Tablet,20181,Clearance,1,Male,47048.0,10,41,2022
193,Laptop,39638,Discount10,1,Male,96274.0,5,64,2023
194,Tablet,2531,Discount10,0,Female,45963.0,8,57,2022
195,Tablet,41940,Clearance,0,Male,63954.0,2,59,2023
196,Smartphone,41441,Discount10,1,Female,92309.0,7,24,2022
197,Smartphone,24333,BOGO,1,Female,122120.0,4,37,2022
198,Accessories,40650,Clearance,1,Male,115430.0,9,44,2022
199,Laptop,35674,HolidayDeal,1,Female,20717.0,12,23,2022
200,Tablet,36854,Clearance,0,Female,31676.0,1,44,2023
201,Tablet,47271,BOGO,0,Male,24434.0,7,26,2023
202,Accessories,9152,BOGO,0,Male,69810.0,6,62,2024
203,Tablet,39518,Clearance,1,Female,123361.0,8,48,2022
204,Laptop,46540,Clearance,1,Male,138696.0,5,38,2023
205,Accessories,11267,Discount10,1,Male,114636.0,1,43,2023
206,Laptop,26289,BOGO,0,Female,24994.0,1,57,2023
207,Accessories,2062,Clearance,1,Male,24234.0,9,62,2022
208,Accessories,30926,Clearance,1,Male,89300.0,10,30,2024
209,Smartphone,7229,BOGO,1,Female,63949.0,6,40,2023
210,Laptop,48915,Clearance,1,Male,57405.0,10,37,2022
211,Tablet,5632,,0,Male,54872.0,5,54,2023
212,Tablet,40056,BOGO,0,Female,62215.0,1,45,2023
213,Laptop,4596,Discount10,1,Female,43185.0,6,34,2024
214,Tablet,45243,Discount10,1,Female,63442.0,6,45,2023
215,Tablet,7168,Discount10,0,Male,,3,58,2023
216,Laptop,43563,Discount10,1,Female,71759.0,8,19,2022
217,Accessories,8561,BOGO,1,Female,61153.0,1,42,2022
218,Laptop,9258,Discount10,1,Male,97535.0,1,58,2024
219,Accessories,17616,Discount10,1,Female,122023.0,6,23,2022
220,Tablet,27734,Clearance,0,Female,22581.0,10,28,2022
221,Tablet,7371,BOGO,1,Female,71717.0,1,55,2024
222,Tablet,27069,BOGO,1,Female,22763.0,6,23,2023
223,Smartphone,15369,HolidayDeal,1,Male,112910.0,1,62,2024
224,Accessories,13910,BOGO,1,Female,75480.0,6,28,2022
225,Smartphone,8943,BOGO,1,Female,58759.0,3,31,2024
226,Smartphone,13199,HolidayDeal,0,Male,96067.0,8,19,2023
227,Laptop,16728,BOGO,1,Female,138094.0,6,57,2024
228,Smartphone,24275,BOGO,1,Male,45307.0,11,20,2022
229,Laptop,7738,,1,Male,116371.0,1,52,2022
230,Laptop,16913,BOGO,1,Male,31064.0,5,50,2024
231,Smartphone,36240,HolidayDeal,1,Female,96848.0,8,41,2023
232,Accessories,20123,BOGO,1,Male,57548.0,3,36,2024
233,Accessories,49447,BOGO,1,Male,56945.0,12,35,2023
234,Accessories,35529,HolidayDeal,0,Male,67937.0,6,41,2023
235,Accessories,11167,Clearance,0,Female,26476.0,5,62,2024
236,Accessories,11554,Discount10,1,Female,71756.0,6,52,2023
237,Smartphone,18260,Clearance,1,Female,110101.0,10,18,2022
238,Smartphone,48045,HolidayDeal,0,Female,,1,53,2024
239,Tablet,4812,Discount10,0,Female,69683.0,7,42,2023
240,Accessories,29024,HolidayDeal,1,Female,107999.0,9,62,2022
241,Smartphone,28285,HolidayDeal,0,Female,65276.0,2,60,2024
242,Tablet,27900,BOGO,0,Male,53402.0,10,51,2022
243,Accessories,2605,Discount10,0,Male,,5,42,2022
244,Laptop,6622,BOGO,0,Male,130300.0,10,33,2022
245,Tablet,7767,Discount10,0,Male,46946.0,4,51,2023
246,Smartphone,28139,HolidayDeal,0,Female,99698.0,6,46,2024
247,Laptop,12613,HolidayDeal,1,Male,134690.0,6,36,2024
248,Laptop,11589,Clearance,1,Male,132309.0,11,40,2023
249,Laptop,14918,Discount10,1,Male,93933.0,2,36,2024
250,Tablet,21119,BOGO,1,Male,42335.0,2,42,2022
251,Smartphone,28446,Clearance,0,Female,65095.0,4,33,2024
252,Laptop,14046,Clearance,0,Female,99930.0,1,26,2023
253,Accessories,25818,Clearance,1,Female,149974.0,9,18,2022
254,Laptop,36358,BOGO,0,Male,47197.0,7,59,2023
255,Laptop,5324,Clearance,1,Female,147619.0,12,36,2022
256,Tablet,11787,BOGO,1,Male,42010.0,7,50,2022
257,Tablet,10111,Clearance,1,Female,44123.0,3,51,2024
258,Smartphone,39110,BOGO,0,Female,107923.0,11,33,2022
259,Accessories,17389,HolidayDeal,0,Female,,12,61,2023
260,Tablet,42427,HolidayDeal,1,Female,113305.0,3,57,2024
261,Laptop,15043,HolidayDeal,0,Female,129162.0,1,35,2023
262,Smartphone,29746,HolidayDeal,1,Male,140927.0,3,51,2022
263,Laptop,23350,HolidayDeal,1,Female,28026.0,3,42,2023
264,Laptop,42605,Clearance,1,Male,84925.0,4,62,2023
265,Tablet,1117,Clearance,0,Male,88842.0,4,23,2022
266,Smartphone,47685,Clearance,1,Male,53665.0,3,38,2024
267,Accessories,19935,BOGO,1,Male,29277.0,10,23,2023
268,Accessories,48077,BOGO,0,Male,62239.0,12,49,2022
269,Tablet,14234,BOGO,0,Female,67664.0,8,58,2024
270,Tablet,39328,,1,Female,68008.0,8,60,2024
271,Smartphone,1846,HolidayDeal,0,Female,34683.0,1,56,2024
272,Accessories,11954,HolidayDeal,0,Female,20670.0,7,48,2023
273,Accessories,14703,HolidayDeal,0,Male,109211.0,11,59,2023
274,Accessories,49153,Discount10,1,Female,37889.0,2,27,2023
275,Laptop,47514,Clearance,1,Female,75612.0,1,47,2024
276,Accessories,23700,BOGO,1,Male,,3,35,2023
277,Laptop,33043,BOGO,0,Male,98542.0,4,41,2022
278,Smartphone,7469,HolidayDeal,0,Female,74319.0,6,26,2023
279,Laptop,31105,BOGO,1,Female,134072.0,10,48,2023
280,Smartphone,43101,BOGO,1,Male,112067.0,5,32,2024
281,Accessories,27386,Clearance,0,Female,41639.0,4,21,2023
282,Accessories,46587,HolidayDeal,1,Female,84712.0,8,57,2022
283,Smartphone,37976,Clearance,1,Female,36633.0,11,26,2024
284,Tablet,40051,Discount10,1,Female,141145.0,12,62,2022
285,Smartphone,3048,Discount10,1,Male,,4,26,2024
286,Tablet,40001,Discount10,1,Male,88975.0,10,43,2024
287,Laptop,13941,HolidayDeal,0,Male,52172.0,12,21,2023
288,Laptop,46375,BOGO,1,Female,79197.0,2,34,2022
289,Laptop,43533,HolidayDeal,1,Female,121158.0,3,33,2024
290,Accessories,2828,HolidayDeal,0,Female,78847.0,6,32,2023
291,Laptop,2917,BOGO,1,Female,31577.0,8,52,2024
292,Tablet,21618,Clearance,1,Female,,8,22,2024
293,Laptop,33254,Discount10,1,Male,40176.0,11,22,2024
294,Smartphone,40756,Clearance,1,Female,64386.0,9,37,2024
295,Smartphone,48362,Discount10,1,Female,83972.0,7,32,2024
296,Accessories,21128,HolidayDeal,1,Male,140018.0,2,35,2024
297,Smartphone,46745,,0,Female,109791.0,8,64,2023
298,Tablet,1009,HolidayDeal,1,Male,61003.0,7,19,2024
299,Laptop,17644,Clearance,0,Male,39996.0,8,46,2022
300,Accessories,23422,HolidayDeal,0,Male,120922.0,12,30,2023
301,Laptop,10865,Clearance,1,Male,106598.0,3,21,2022
302,Laptop,3219,BOGO,1,Male,55931.0,7,59,2024
303,Tablet,40809,BOGO,1,Female,144168.0,10,62,2022
304,Smartphone,6287,BOGO,1,Male,55710.0,9,27,2024
305,Smartphone,35387,HolidayDeal,1,Male,143099.0,3,48,2024
306,Laptop,9512,BOGO,1,Female,54693.0,10,58,2023
307,Accessories,2342,Discount10,0,Female,,6,25,2023
308,Smartphone,44336,Clearance,1,Male,97241.0,2,20,2024
309,Accessories,20216,Clearance,1,Female,128944.0,2,63,2023
310,Smartphone,28534,Discount10,1,Female,,5,26,2022
311,Accessories,15231,HolidayDeal,0,Male,96502.0,5,47,2023
312,Tablet,33293,HolidayDeal,0,Male,37374.0,7,28,2023
313,Accessories,27614,Clearance,0,Female,96674.0,12,52,2022
314,Tablet,37258,BOGO,0,Male,136500.0,2,54,2023
315,Tablet,29253,HolidayDeal,0,Male,,11,59,2024
316,Accessories,43078,HolidayDeal,1,Female,65913.0,7,30,2022
317,Tablet,41752,Discount10,1,Male,143683.0,5,53,2024
318,Laptop,18988,Discount10,0,Male,86025.0,6,30,2022
319,Tablet,32037,BOGO,0,Male,64516.0,8,29,2024
320,Smartphone,13219,HolidayDeal,0,Male,107796.0,10,54,2024
321,Accessories,1235,HolidayDeal,0,Male,46069.0,12,27,2023
322,Laptop,43929,Discount10,0,Female,138333.0,4,26,2024
323,Accessories,2908,HolidayDeal,0,Female,76233.0,7,24,2023
324,Smartphone,9567,Clearance,1,Male,104811.0,6,19,2022
325,Smartphone,37298,Discount10,1,Female,,10,40,2024
326,Smartphone,6256,BOGO,0,Male,121820.0,2,56,2024
327,Tablet,20019,Discount10,1,Male,138028.0,8,57,2022
328,Tablet,9162,HolidayDeal,1,Male,59178.0,10,56,2022
329,Accessories,6415,BOGO,0,Male,52821.0,9,38,2024
330,Accessories,37159,Discount10,0,Male,71727.0,5,40,2022
331,Laptop,44925,Clearance,1,Female,80935.0,10,46,2023
332,Laptop,6951,Clearance,0,Female,36999.0,4,31,2022
333,Accessories,22852,Discount10,1,Male,,6,43,2022
334,Tablet,9007,Clearance,1,Female,58712.0,8,22,2024
335,Smartphone,42832,Clearance,0,Male,84551.0,11,48,2023
336,Accessories,31523,Clearance,0,Female,,3,42,2022
337,Laptop,24325,,1,Male,53722.0,10,48,2023
338,Tablet,22204,Clearance,0,Female,30625.0,11,37,2023
339,Accessories,16524,Clearance,0,Male,87165.0,11,61,2023
340,Accessories,20282,Clearance,1,Male,96509.0,1,34,2024
341,Tablet,24930,BOGO,1,Female,26859.0,4,62,2022
342,Accessories,1077,Discount10,0,Female,61609.0,4,19,2024
343,Tablet,41345,HolidayDeal,1,Male,63307.0,1,42,2022
344,Smartphone,21611,Clearance,0,Female,130986.0,9,30,2022
345,Tablet,17984,Discount10,1,Male,121582.0,3,56,2024
346,Tablet,15060,Clearance,1,Female,41839.0,5,45,2023
347,Tablet,18449,BOGO,1,Female,47216.0,6,59,2023
348,Accessories,19520,Discount10,1,Male,72953.0,8,23,2022
349,Accessories,44303,BOGO,1,Female,104481.0,6,20,2024
350,Tablet,10510,Clearance,0,Female,80593.0,3,52,2023
351,Accessories,30287,Clearance,1,Male,92075.0,6,35,2023
352,Laptop,29173,BOGO,0,Female,69522.0,1,28,2022
353,Laptop,40711,HolidayDeal,0,Male,119161.0,4,37,2022
354,Accessories,12954,BOGO,0,Male,24886.0,6,22,2024
355,Accessories,8804,Clearance,1,Male,131249.0,7,36,2022
356,Tablet,7565,BOGO,1,Male,,11,39,2023
357,Smartphone,6984,HolidayDeal,0,Male,,11,36,2023
358,Accessories,22526,BOGO,0,Female,131984.0,10,64,2023
359,Laptop,38438,HolidayDeal,1,Male,36767.0,3,33,2023
360,Tablet,19574,HolidayDeal,1,Male,132701.0,9,41,2024
361,Accessories,10184,BOGO,0,Female,48453.0,12,58,2024
362,Laptop,20096,,1,Female,96280.0,12,21,2022
363,Laptop,3192,Discount10,1,Female,122638.0,7,32,2022
364,Smartphone,35016,Clearance,1,Male,73442.0,1,42,2022
365,Tablet,12246,HolidayDeal,0,Male,71877.0,2,61,2024
366,Tablet,46558,Discount10,1,Male,32226.0,1,52,2023
367,Smartphone,19381,BOGO,1,Female,113405.0,11,31,2022
368,Smartphone,37455,Clearance,1,Male,42588.0,9,36,2023
369,Tablet,27727,Discount10,1,Female,98976.0,9,55,2022
370,Tablet,5018,HolidayDeal,1,Male,51709.0,7,53,2022
371,Accessories,12302,Discount10,0,Female,67788.0,10,24,2022
372,Accessories,2970,HolidayDeal,1,Male,,3,47,2022
373,Smartphone,42157,BOGO,1,Male,57019.0,5,36,2022
374,Accessories,28202,Clearance,0,Male,64948.0,4,42,2023
375,Laptop,32110,Clearance,1,Female,85133.0,7,33,2022
376,Accessories,18586,Clearance,0,Female,134444.0,9,64,2023
377,Accessories,25519,BOGO,0,Male,86458.0,12,57,2024
378,Laptop,32273,HolidayDeal,1,Male,137603.0,2,25,2022
379,Smartphone,22951,BOGO,1,Male,47526.0,8,35,2023
380,Laptop,16374,Clearance,1,Female,93493.0,9,45,2024
381,Accessories,6788,BOGO,0,Male,148585.0,10,33,2024
382,Smartphone,6408,BOGO,1,Male,72198.0,10,36,2024
383,Accessories,26053,BOGO,0,Male,134100.0,9,59,2023
384,Laptop,10446,HolidayDeal,0,Male,,10,34,2022
385,Laptop,1922,Discount10,1,Female,119534.0,7,62,2022
386,Accessories,34187,Discount10,1,Female,63395.0,9,30,2023
387,Tablet,11789,BOGO,1,Male,44031.0,9,24,2022
388,Tablet,33184,,0,Male,95542.0,3,44,2023
389,Laptop,2120,,1,Female,145814.0,4,27,2022
390,Laptop,45028,BOGO,1,Female,57701.0,2,51,2024
391,Tablet,33154,,1,Male,132599.0,10,53,2022
392,Tablet,18334,Clearance,1,Female,45939.0,3,42,2023
393,Accessories,3336,Discount10,0,Female,69145.0,11,23,2023
394,Accessories,39141,HolidayDeal,0,Male,40324.0,11,41,2024
395,Tablet,3243,BOGO,1,Female,42867.0,5,35,2023
396,Accessories,20029,Clearance,0,Female,20203.0,5,40,2022
397,Accessories,33265,HolidayDeal,0,Male,36544.0,6,23,2022
398,Smartphone,38380,Discount10,1,Male,35899.0,7,46,2024
399,Accessories,47714,Clearance,1,Female,49063.0,7,42,2023
400,Laptop,44872,BOGO,1,Male,110880.0,1,34,2024
401,Accessories,47197,HolidayDeal,1,Female,23748.0,2,63,2022
402,Accessories,24710,BOGO,1,Male,125022.0,12,41,2024
403,Tablet,30486,Discount10,0,Female,137269.0,9,28,2023
404,Laptop,7371,HolidayDeal,0,Male,86629.0,10,43,2024
405,Accessories,7359,Discount10,0,Female,100764.0,2,51,2023
406,Accessories,41631,Discount10,0,Female,40884.0,6,45,2023
407,Smartphone,36996,Clearance,1,Female,45183.0,11,20,2022
408,Accessories,21103,BOGO,0,Male,101570.0,11,28,2022
409,Accessories,15382,HolidayDeal,1,Male,91246.0,1,55,2022
410,Smartphone,19755,Discount10,0,Female,128036.0,3,31,2023
411,Tablet,36659,Discount10,0,Female,39259.0,2,43,2024
412,Accessories,4756,HolidayDeal,1,Male,55959.0,3,38,2023
413,Smartphone,21609,Discount10,0,Male,136525.0,5,56,2022
414,Laptop,49538,Clearance,0,Male,53457.0,11,47,2022
415,Tablet,17478,Clearance,0,Male,105679.0,10,25,2024
416,Laptop,36442,Clearance,0,Male,145829.0,6,37,2022
417,Laptop,40666,Clearance,1,Male,148216.0,9,49,2022
418,Smartphone,11147,Discount10,0,Female,22103.0,12,39,2022
419,Accessories,34561,HolidayDeal,0,Male,85901.0,11,24,2024
420,Smartphone,35884,HolidayDeal,1,Female,132314.0,10,26,2023
421,Smartphone,6779,HolidayDeal,0,Male,64535.0,12,62,2022
422,Smartphone,13298,HolidayDeal,1,Male,36103.0,12,18,2024
423,Smartphone,15153,BOGO,1,Female,118046.0,4,46,2022
424,Tablet,44879,HolidayDeal,1,Female,110012.0,7,25,2024
425,Accessories,11789,BOGO,1,Male,98278.0,6,21,2022
426,Laptop,45165,BOGO,0,Female,32391.0,2,52,2024
427,Laptop,13999,Clearance,1,Female,122476.0,10,20,2022
428,Accessories,1814,BOGO,0,Female,48901.0,11,62,2023
429,Laptop,11541,Discount10,1,Female,140721.0,11,57,2022
430,Accessories,25938,BOGO,0,Male,117537.0,11,24,2024
431,Laptop,3443,Clearance,1,Female,101159.0,8,44,2022
432,Smartphone,11457,BOGO,1,Male,87914.0,7,18,2023
433,Laptop,11380,,0,Male,70357.0,7,44,2022
434,Accessories,8783,Discount10,0,Male,,8,33,2024
435,Accessories,45241,Discount10,1,Male,130335.0,12,55,2024
436,Accessories,18368,Clearance,1,Female,58437.0,12,24,2023
437,Accessories,16328,Clearance,0,Female,55503.0,11,61,2024
438,Accessories,27215,HolidayDeal,1,Male,116282.0,1,40,2022
439,Tablet,34595,Clearance,1,Male,,1,58,2022
440,Tablet,28306,Discount10,1,Male,95403.0,8,28,2022
441,Laptop,20915,Discount10,0,Male,61258.0,4,59,2024
442,Accessories,40915,Clearance,1,Female,53724.0,5,50,2022
443,Laptop,38219,BOGO,0,Male,84286.0,8,53,2022
444,Accessories,16343,Clearance,1,Female,94842.0,5,54,2022
445,Accessories,47403,Clearance,1,Male,124927.0,10,58,2023
446,Tablet,39727,Discount10,0,Male,34908.0,4,34,2024
447,Tablet,1126,HolidayDeal,1,Male,112617.0,12,52,2024
448,Smartphone,28632,Discount10,0,Male,70626.0,6,22,2024
449,Tablet,42563,HolidayDeal,1,Female,57228.0,12,49,2023
450,Smartphone,45409,Discount10,1,Female,43386.0,5,20,2024
451,Smartphone,21530,Clearance,1,Female,66754.0,7,64,2023
452,Smartphone,40964,Discount10,0,Male,130942.0,10,52,2023
453,Smartphone,45327,Discount10,1,Male,48302.0,7,31,2024
454,Smartphone,4368,Discount10,0,Female,80815.0,4,48,2022
455,Laptop,4797,Clearance,0,Female,,12,48,2022
456,Tablet,48882,Clearance,1,Male,104748.0,5,34,2024
457,Smartphone,14718,Clearance,0,Male,83344.0,3,41,2024
458,Accessories,35560,Clearance,0,Female,55618.0,4,40,2023
459,Tablet,12053,HolidayDeal,1,Male,131603.0,4,35,2024
460,Tablet,23116,HolidayDeal,0,Male,96234.0,3,31,2023
461,Smartphone,37244,BOGO,0,Female,81114.0,10,32,2024
462,Laptop,37185,Clearance,1,Male,137652.0,5,32,2022
463,Smartphone,2645,HolidayDeal,0,Female,90130.0,5,23,2022
464,Laptop,48523,Discount10,1,Male,,11,44,2024
465,Accessories,20256,Clearance,1,Female,99818.0,7,32,2023
466,Tablet,36840,BOGO,1,Male,,4,53,2022
467,Accessories,35622,BOGO,1,Female,34334.0,4,25,2023
468,Laptop,38430,BOGO,0,Female,114715.0,9,32,2024
469,Laptop,40282,Discount10,0,Female,82767.0,6,20,2024
470,Accessories,3708,HolidayDeal,1,Female,26644.0,4,64,2022
471,Laptop,12694,Discount10,1,Male,121154.0,2,30,2024
472,Accessories,10524,Clearance,1,Male,133237.0,6,58,2022
473,Tablet,32880,BOGO,0,Female,52933.0,2,51,2023
474,Accessories,40224,Discount10,0,Male,146366.0,5,41,2022
475,Tablet,37980,Discount10,0,Male,63469.0,6,57,2022
476,Accessories,33409,HolidayDeal,1,Male,53687.0,4,49,2023
477,Laptop,14224,HolidayDeal,1,Male,126609.0,3,49,2022
478,Accessories,41738,BOGO,1,Male,72656.0,7,47,2022
479,Laptop,26150,Discount10,1,Female,,2,30,2024
480,Accessories,35393,Discount10,0,Female,134019.0,11,18,2023
481,Accessories,44082,HolidayDeal,1,Female,140735.0,6,51,2022
482,Smartphone,8973,Discount10,1,Female,85206.0,4,32,2023
483,Laptop,9577,Discount10,1,Male,116462.0,6,61,2023
484,Smartphone,9070,Discount10,1,Male,56607.0,4,31,2022
485,Laptop,9666,HolidayDeal,1,Female,103178.0,4,46,2024
486,Smartphone,37368,BOGO,1,Male,43993.0,4,51,2023
487,Tablet,7783,Clearance,0,Male,64386.0,9,35,2022
488,Accessories,46994,BOGO,0,Female,143394.0,7,24,2023
489,Laptop,42914,Clearance,1,Male,66287.0,3,46,2024
490,Laptop,5971,Discount10,0,Female,106724.0,3,48,2024
491,Accessories,14490,BOGO,0,Female,118132.0,6,42,2024
492,Laptop,46719,Clearance,0,Male,113308.0,6,55,2022
493,Laptop,46080,HolidayDeal,1,Male,116393.0,4,31,2022
494,Smartphone,2990,HolidayDeal,0,Female,147314.0,9,25,2024
495,Laptop,6299,BOGO,1,Female,,4,44,2022
496,Tablet,46765,BOGO,1,Male,118371.0,9,19,2024
497,Tablet,20956,Discount10,0,Female,95324.0,4,34,2022
498,Accessories,23359,BOGO,0,Female,,2,54,2024
499,Laptop,47240,Discount10,0,Female,90014.0,2,31,2023
500,Accessories,38148,Discount10,1,Male,28210.0,5,42,2024
501,Tablet,29734,HolidayDeal,0,Female,30922.0,4,47,2024
502,Laptop,5757,HolidayDeal,0,Male,56289.0,7,46,2022
503,Laptop,20097,Clearance,0,Female,149097.0,11,37,2022
504,Accessories,11395,HolidayDeal,1,Male,53340.0,5,38,2022
505,Tablet,17241,HolidayDeal,1,Female,59850.0,6,39,2022
506,Laptop,39356,,1,Male,76984.0,10,52,2022
507,Accessories,28696,HolidayDeal,1,Male,123699.0,4,54,2022
508,Tablet,5944,Clearance,0,Male,133711.0,12,33,2023
509,Accessories,47163,BOGO,1,Female,104178.0,2,60,2024
510,Smartphone,20816,Clearance,0,Female,31094.0,10,34,2024
511,Laptop,38011,HolidayDeal,1,Female,107959.0,9,33,2024
512,Smartphone,25917,Clearance,1,Male,53418.0,10,19,2023
513,Tablet,32195,BOGO,1,Female,25741.0,7,21,2024
514,Smartphone,22566,Discount10,0,Male,,4,38,2023
515,Smartphone,10916,Clearance,0,Female,92374.0,3,56,2023
516,Tablet,21806,Clearance,0,Male,137275.0,10,51,2023
517,Accessories,10984,BOGO,0,Male,142564.0,3,47,2024
518,Smartphone,2759,BOGO,0,Male,88798.0,9,23,2023
519,Accessories,42949,Clearance,0,Female,136026.0,5,34,2024
520,Smartphone,27838,HolidayDeal,0,Female,90532.0,3,56,2024
521,Accessories,3482,Clearance,1,Female,130130.0,5,42,2022
522,Tablet,25442,BOGO,1,Male,42164.0,2,22,2022
523,Smartphone,34719,Discount10,1,Male,55595.0,11,22,2023
524,Tablet,28965,Discount10,0,Female,50257.0,4,37,2023
525,Smartphone,3079,HolidayDeal,1,Female,34211.0,10,33,2024
526,Tablet,3717,Clearance,0,Female,115989.0,2,58,2023
527,Tablet,28952,Discount10,1,Male,25232.0,2,54,2023
528,Smartphone,21908,Clearance,0,Male,87753.0,12,57,2024
529,Smartphone,43460,BOGO,1,Male,72691.0,8,26,2023
530,Smartphone,25861,Discount10,1,Male,109765.0,1,22,2023
531,Laptop,8311,HolidayDeal,1,Male,99768.0,7,59,2024
532,Accessories,29071,BOGO,1,Female,45613.0,5,19,2024
533,Laptop,24570,HolidayDeal,1,Male,34026.0,11,26,2022
534,Laptop,19449,BOGO,1,Male,,8,60,2024
535,Tablet,34536,Discount10,1,Male,114090.0,1,53,2022
536,Smartphone,39258,HolidayDeal,1,Male,50908.0,11,39,2023
537,Accessories,49302,HolidayDeal,1,Male,72113.0,7,39,2024
538,Tablet,29865,BOGO,1,Female,,5,39,2024
539,Laptop,7645,HolidayDeal,1,Male,66646.0,4,51,2024
540,Smartphone,39000,BOGO,1,Male,125141.0,7,46,2023
541,Tablet,27737,,0,Male,83185.0,10,55,2022
542,Smartphone,12485,BOGO,0,Female,92567.0,2,63,2023
543,Tablet,39565,BOGO,0,Female,67574.0,12,50,2023
544,Smartphone,26522,Discount10,0,Female,143978.0,1,35,2024
545,Laptop,13342,BOGO,0,Male,145204.0,1,24,2022
546,Accessories,41806,Clearance,1,Female,111051.0,11,18,2023
547,Laptop,49770,HolidayDeal,0,Male,,12,50,2024
548,Accessories,14087,Clearance,1,Male,56182.0,1,18,2023
549,Smartphone,38641,Discount10,0,Female,136136.0,12,41,2023
550,Tablet,35249,Clearance,0,Male,20570.0,5,21,2024
551,Laptop,11093,HolidayDeal,1,Male,117790.0,10,21,2024
552,Accessories,48190,Clearance,1,Male,39288.0,7,35,2022
553,Laptop,17438,Discount10,0,Female,98824.0,2,44,2023
554,Accessories,41411,BOGO,1,Male,49877.0,10,60,2024
555,Laptop,27399,Clearance,1,Male,104425.0,8,49,2024
556,Accessories,20846,Discount10,0,Female,20917.0,4,50,2022
557,Accessories,16708,Discount10,0,Male,95602.0,12,45,2022
558,Smartphone,45039,HolidayDeal,1,Male,115040.0,3,59,2024
559,Accessories,46368,HolidayDeal,1,Female,,10,58,2022
560,Smartphone,11998,Clearance,1,Male,92518.0,11,53,2024
561,Accessories,48063,BOGO,1,Male,,8,23,2023
562,Tablet,31678,Discount10,0,Male,59104.0,2,33,2022
563,Tablet,11682,Clearance,1,Male,38062.0,11,51,2023
564,Tablet,9519,Discount10,0,Male,36999.0,11,40,2023
565,Accessories,32480,Discount10,1,Female,81845.0,3,59,2023
566,Smartphone,20694,BOGO,1,Female,29941.0,12,41,2024
567,Smartphone,4300,BOGO,1,Female,81169.0,3,30,2023
568,Accessories,7722,Clearance,0,Female,43470.0,10,35,2023
569,Tablet,40986,BOGO,0,Male,149744.0,11,30,2023
570,Tablet,25160,BOGO,1,Male,130684.0,1,54,2024
571,Smartphone,21059,Clearance,1,Male,79821.0,6,60,2023
572,Tablet,36822,BOGO,1,Male,106669.0,2,56,2023
573,Laptop,14575,HolidayDeal,0,Male,138193.0,1,59,2022
574,Smartphone,8970,Discount10,1,Female,64435.0,2,34,2024
575,Tablet,35911,Discount10,0,Female,24529.0,12,32,2023
576,Smartphone,22591,Discount10,1,Male,103055.0,6,35,2022
577,Laptop,32821,Discount10,0,Male,,4,40,2024
578,Smartphone,10503,Clearance,1,Male,94102.0,6,47,2024
579,Smartphone,48917,Discount10,0,Female,92762.0,12,51,2024
580,Smartphone,19922,Discount10,1,Male,123466.0,9,21,2024
581,Smartphone,13175,Discount10,1,Male,134894.0,10,20,2024
582,Laptop,42124,Discount10,0,Male,106795.0,12,24,2024
583,Accessories,22389,HolidayDeal,0,Female,54087.0,10,35,2023
584,Smartphone,48838,Discount10,0,Male,86677.0,8,59,2023
585,Smartphone,1822,HolidayDeal,0,Female,24627.0,1,24,2023
586,Tablet,18327,Clearance,1,Female,76541.0,8,57,2023
587,Smartphone,48057,BOGO,1,Female,132805.0,9,23,2022
588,Tablet,7150,Discount10,1,Female,88226.0,6,39,2023
589,Accessories,5425,BOGO,1,Female,125627.0,10,18,2024
590,Laptop,17032,BOGO,1,Female,23255.0,5,21,2023
591,Laptop,3198,Clearance,0,Male,,6,63,2023
592,Accessories,21079,BOGO,0,Male,,6,60,2024
593,Laptop,37220,HolidayDeal,1,Male,122412.0,9,46,2023
594,Accessories,42874,,1,Female,39404.0,4,38,2023
595,Accessories,14859,BOGO,0,Male,,2,43,2023
596,Accessories,32419,BOGO,0,Female,45380.0,11,31,2022
597,Laptop,9705,Discount10,1,Female,,11,26,2023
598,Tablet,43880,Discount10,1,Female,39173.0,9,64,2024
599,Accessories,24236,HolidayDeal,0,Male,148833.0,2,29,2024
600,Smartphone,23419,HolidayDeal,1,Female,73027.0,10,59,2023
601,Laptop,20978,Discount10,1,Female,43989.0,9,23,2023
602,Accessories,38609,HolidayDeal,0,Male,,2,37,2023
603,Accessories,16358,Discount10,0,Male,44519.0,12,41,2024
604,Smartphone,35177,Clearance,1,Female,145803.0,8,44,2024
605,Tablet,30378,BOGO,1,Female,42439.0,9,55,2022
606,Tablet,38334,BOGO,0,Male,138570.0,12,25,2022
607,Tablet,12382,HolidayDeal,1,Male,96949.0,10,18,2022
608,Accessories,15596,Discount10,1,Male,34995.0,9,41,2024
609,Accessories,34572,Discount10,1,Female,43559.0,10,64,2022
610,Accessories,14221,HolidayDeal,1,Male,148028.0,9,24,2023
611,Laptop,2279,Discount10,1,Male,130887.0,2,36,2023
612,Smartphone,46960,Clearance,1,Male,,4,39,2024
613,Accessories,8083,BOGO,1,Female,25021.0,7,52,2022
614,Smartphone,44861,HolidayDeal,1,Male,118000.0,12,47,2023
615,Smartphone,18771,HolidayDeal,1,Male,,2,46,2024
616,Tablet,30975,Discount10,1,Male,71539.0,1,39,2022
617,Laptop,46648,HolidayDeal,0,Male,114835.0,3,28,2023
618,Accessories,49285,Clearance,1,Male,59350.0,12,37,2022
619,Tablet,20063,Discount10,1,Female,,4,46,2024
620,Tablet,3106,Discount10,0,Female,45517.0,8,58,2022
621,Accessories,25557,Discount10,1,Female,98653.0,6,59,2024
622,Smartphone,49854,Discount10,1,Male,42250.0,11,51,2022
623,Tablet,21607,Clearance,0,Female,104486.0,2,18,2023
624,Smartphone,38599,Discount10,0,Female,102895.0,9,48,2024
625,Laptop,29529,HolidayDeal,0,Female,109132.0,2,47,2024
626,Smartphone,36954,Clearance,0,Male,111066.0,12,35,2024
627,Laptop,28856,BOGO,1,Male,86798.0,5,34,2022
628,Smartphone,3573,BOGO,0,Female,74199.0,12,55,2022
629,Tablet,13808,HolidayDeal,1,Female,,4,31,2023
630,Tablet,36367,HolidayDeal,1,Male,79546.0,7,40,2024
631,Laptop,37801,Clearance,1,Male,148180.0,8,42,2024
632,Accessories,42196,BOGO,1,Female,125686.0,5,32,2022
633,Laptop,35072,BOGO,0,Male,108151.0,10,63,2022
634,Laptop,24752,BOGO,1,Female,23327.0,5,39,2023
635,Smartphone,18685,BOGO,0,Male,140318.0,2,20,2023
636,Smartphone,42401,BOGO,1,Female,49768.0,8,36,2022
637,Laptop,12372,Discount10,1,Female,84418.0,2,61,2024
638,Tablet,9996,HolidayDeal,0,Male,114386.0,10,51,2023
639,Smartphone,17458,Discount10,0,Female,136947.0,12,52,2022
640,Accessories,32889,BOGO,1,Female,,6,18,2022
641,Smartphone,27665,Clearance,1,Female,135945.0,8,38,2024
642,Smartphone,39243,Clearance,1,Male,102384.0,6,46,2022
643,Accessories,32653,BOGO,0,Male,66830.0,4,23,2022
644,Laptop,27657,BOGO,1,Male,,4,54,2023
645,Accessories,40952,Clearance,0,Female,125078.0,6,18,2022
646,Laptop,23180,Discount10,1,Male,35160.0,4,18,2022
647,Laptop,32896,Discount10,1,Female,76583.0,8,44,2023
648,Laptop,13875,BOGO,1,Female,53998.0,9,38,2024
649,Accessories,2622,,1,Male,47230.0,1,33,2024
650,Laptop,49756,Clearance,0,Male,29076.0,4,61,2023
651,Tablet,41809,Discount10,1,Female,89341.0,4,57,2023
652,Accessories,17725,BOGO,1,Female,51085.0,2,43,2024
653,Tablet,41760,Clearance,0,Male,75571.0,6,33,2024
654,Laptop,16646,Discount10,1,Male,34715.0,3,45,2024
655,Smartphone,18029,HolidayDeal,0,Male,148308.0,7,18,2024
656,Laptop,30402,,1,Female,25750.0,11,53,2024
657,Tablet,5263,Clearance,1,Female,133931.0,11,27,2023
658,Tablet,31987,HolidayDeal,1,Female,98768.0,5,60,2022
659,Accessories,47828,HolidayDeal,0,Female,138544.0,4,34,2024
660,Smartphone,48924,Clearance,1,Female,55903.0,5,40,2024
661,Accessories,9646,HolidayDeal,1,Male,92489.0,8,24,2022
662,Tablet,28529,BOGO,1,Male,52093.0,3,61,2022
663,Laptop,12664,BOGO,1,Female,111036.0,7,24,2022
664,Smartphone,36737,BOGO,0,Female,107954.0,6,61,2022
665,Laptop,36796,Clearance,1,Male,139277.0,12,32,2022
666,Laptop,25027,HolidayDeal,1,Male,54314.0,1,51,2022
667,Smartphone,30373,HolidayDeal,1,Male,68225.0,7,63,2023
668,Accessories,37397,Discount10,1,Male,107985.0,7,62,2022
669,Laptop,21609,Discount10,1,Female,103014.0,12,21,2022
670,Tablet,36835,HolidayDeal,1,Male,55179.0,1,31,2023
671,Laptop,39709,HolidayDeal,1,Female,,9,31,2022
672,Smartphone,20250,HolidayDeal,0,Male,132417.0,6,33,2024
673,Smartphone,22172,Clearance,0,Male,45338.0,12,24,2024
674,Smartphone,12555,HolidayDeal,0,Male,112435.0,2,49,2022
675,Accessories,22874,Discount10,0,Female,89681.0,5,36,2023
676,Laptop,14081,Clearance,1,Female,,11,19,2024
677,Accessories,25063,HolidayDeal,1,Male,22775.0,4,27,2023
678,Accessories,7819,Discount10,1,Female,131497.0,7,34,2024
679,Smartphone,26712,Clearance,1,Female,117183.0,8,54,2022
680,Smartphone,25762,HolidayDeal,1,Male,65619.0,11,29,2023
681,Accessories,12046,HolidayDeal,1,Male,,11,23,2023
682,Laptop,32463,HolidayDeal,1,Female,141316.0,1,39,2023
683,Tablet,29769,Clearance,1,Female,39539.0,5,49,2024
684,Accessories,24150,Discount10,1,Female,122274.0,3,58,2024
685,Laptop,3711,Discount10,0,Male,77124.0,1,37,2024
686,Smartphone,5853,BOGO,0,Male,85149.0,12,18,2022
687,Smartphone,30077,HolidayDeal,1,Female,46616.0,3,64,2024
688,Laptop,24863,BOGO,1,Male,99655.0,6,23,2022
689,Tablet,22792,BOGO,0,Male,110695.0,7,36,2023
690,Smartphone,41483,Discount10,1,Female,74567.0,8,35,2023
691,Smartphone,9942,Clearance,1,Female,57099.0,11,23,2022
692,Smartphone,49275,Clearance,0,Male,,4,62,2024
693,Laptop,49594,Discount10,0,Male,120246.0,3,50,2022
694,Accessories,2762,Clearance,1,Female,81799.0,5,40,2023
695,Smartphone,32987,BOGO,1,Male,140714.0,9,40,2023
696,Accessories,16850,HolidayDeal,0,Male,110221.0,6,43,2022
697,Tablet,13112,Discount10,1,Female,134879.0,9,30,2024
698,Smartphone,25058,HolidayDeal,1,Female,45479.0,6,24,2024
699,Smartphone,46420,Clearance,1,Male,66172.0,2,32,2022
700,Tablet,39890,HolidayDeal,0,Male,119165.0,5,61,2022
701,Smartphone,1481,Clearance,0,Male,75863.0,12,44,2024
702,Accessories,48304,Clearance,1,Female,62043.0,11,43,2023
703,Laptop,33921,BOGO,1,Male,102569.0,9,50,2022
704,Accessories,41385,Clearance,1,Male,122438.0,8,32,2024
705,Laptop,2524,BOGO,0,Female,130107.0,7,53,2024
706,Laptop,35888,BOGO,1,Female,35408.0,1,62,2023
707,Accessories,16048,BOGO,0,Male,142275.0,4,44,2023
708,Accessories,36111,Discount10,0,Female,77980.0,12,22,2023
709,Accessories,38904,Discount10,0,Female,102956.0,7,19,2023
710,Accessories,35008,Clearance,0,Male,36351.0,11,50,2023
711,Tablet,1060,BOGO,1,Female,24131.0,7,33,2022
712,Smartphone,10130,Discount10,1,Female,136836.0,6,40,2024
713,Laptop,19023,BOGO,0,Male,64825.0,8,55,2022
714,Accessories,46080,HolidayDeal,1,Female,31349.0,11,33,2022
715,Accessories,14350,HolidayDeal,0,Male,80931.0,6,31,2022
716,Accessories,25354,HolidayDeal,1,Male,,10,46,2022
717,Tablet,46186,Clearance,1,Female,58225.0,3,43,2022
718,Accessories,29145,BOGO,0,Female,124383.0,4,52,2023
719,Accessories,35020,HolidayDeal,1,Female,32453.0,3,32,2023
720,Accessories,21587,Discount10,0,Male,38814.0,1,20,2024
721,Smartphone,42131,HolidayDeal,0,Female,38263.0,10,40,2022
722,Tablet,10650,HolidayDeal,0,Male,97694.0,5,46,2024
723,Accessories,20933,HolidayDeal,1,Female,35735.0,1,51,2023
724,Laptop,21581,Clearance,1,Female,35830.0,1,50,2023
725,Laptop,24393,Discount10,0,Female,67893.0,2,58,2023
726,Laptop,24051,BOGO,1,Male,64673.0,4,58,2022
727,Tablet,27212,Discount10,1,Female,147006.0,6,40,2022
728,Tablet,5090,BOGO,1,Female,,8,24,2023
729,Laptop,7960,Clearance,1,Male,,3,20,2024
730,Accessories,36772,Clearance,1,Male,120315.0,1,49,2024
731,Tablet,22520,Clearance,0,Female,23373.0,3,48,2023
732,Laptop,37408,Clearance,0,Female,30335.0,12,35,2024
733,Laptop,29470,BOGO,1,Female,43741.0,3,60,2023
734,Accessories,21491,HolidayDeal,0,Male,30692.0,5,24,2024
735,Smartphone,2341,BOGO,1,Male,67295.0,11,58,2023
736,Tablet,45623,Discount10,1,Male,65541.0,12,18,2024
737,Accessories,25791,Clearance,0,Male,54057.0,12,31,2022
738,Laptop,1338,Clearance,0,Female,86983.0,4,49,2023
739,Laptop,6895,Discount10,0,Male,39583.0,4,23,2023
740,Accessories,13254,BOGO,1,Male,42765.0,9,56,2024
741,Tablet,12344,HolidayDeal,1,Male,79287.0,7,27,2023
742,Smartphone,2750,HolidayDeal,0,Female,43906.0,4,24,2023
743,Smartphone,3421,Discount10,0,Female,140747.0,3,43,2023
744,Laptop,40887,HolidayDeal,0,Male,105103.0,6,51,2022
745,Tablet,6319,BOGO,1,Male,99675.0,3,47,2022
746,Smartphone,16896,BOGO,0,Female,66525.0,6,53,2024
747,Tablet,12918,Discount10,1,Female,58230.0,11,38,2022
748,Tablet,26064,BOGO,0,Female,137904.0,11,34,2024
749,Laptop,47617,Clearance,0,Female,39520.0,12,50,2022
750,Smartphone,28935,Discount10,1,Female,105238.0,9,27,2024
751,Accessories,38641,BOGO,1,Female,71934.0,6,64,2022
752,Laptop,30711,Discount10,1,Female,45566.0,12,59,2022
753,Smartphone,5806,HolidayDeal,1,Female,93193.0,4,29,2024
754,Smartphone,42360,BOGO,0,Male,123224.0,5,33,2023
755,Smartphone,13182,Clearance,1,Male,,6,58,2023
756,Smartphone,23297,BOGO,0,Male,,11,49,2022
757,Smartphone,20541,Discount10,0,Male,141012.0,3,32,2024
758,Tablet,29921,Discount10,1,Male,141015.0,8,44,2023
759,Laptop,17774,,1,Male,61185.0,4,45,2024
760,Tablet,45813,Clearance,1,Female,135464.0,8,34,2023
761,Accessories,38198,Clearance,1,Female,112949.0,10,63,2024
762,Smartphone,9820,Clearance,1,Male,90744.0,10,19,2022
763,Laptop,25070,Discount10,0,Male,53455.0,3,53,2024
764,Smartphone,5232,BOGO,0,Female,135217.0,10,24,2023
765,Laptop,12122,HolidayDeal,1,Female,48018.0,7,30,2022
766,Tablet,16023,Discount10,0,Female,74219.0,11,32,2024
767,Laptop,9007,Clearance,1,Male,65991.0,12,42,2023
768,Accessories,18905,BOGO,1,Female,93616.0,9,40,2022
769,Accessories,42786,Clearance,0,Male,107438.0,4,39,2024
770,Laptop,30398,HolidayDeal,1,Male,136841.0,8,43,2023
771,Laptop,35268,Clearance,1,Female,29486.0,3,50,2024
772,Laptop,7737,Clearance,0,Female,58862.0,7,28,2024
773,Laptop,37062,HolidayDeal,1,Male,141662.0,3,27,2022
774,Accessories,26510,BOGO,1,Female,78870.0,12,42,2022
775,Smartphone,20426,Discount10,0,Female,106694.0,7,54,2023
776,Laptop,38265,BOGO,1,Male,125996.0,11,60,2022
777,Laptop,18850,HolidayDeal,1,Female,63856.0,10,55,2023
778,Accessories,1614,Clearance,0,Male,121407.0,10,58,2024
779,Accessories,22776,BOGO,1,Male,120744.0,11,62,2024
780,Tablet,25077,Discount10,0,Female,106055.0,11,41,2023
781,Laptop,10374,HolidayDeal,1,Male,51379.0,6,57,2024
782,Tablet,36435,BOGO,1,Male,84729.0,2,63,2022
783,Accessories,31907,Discount10,0,Female,48378.0,11,50,2024
784,Accessories,14409,HolidayDeal,0,Female,125428.0,3,34,2022
785,Smartphone,17514,Discount10,1,Female,,6,41,2023
786,Laptop,30866,HolidayDeal,1,Male,69996.0,4,54,2023
787,Tablet,3983,Clearance,1,Male,34031.0,6,19,2024
788,Accessories,32705,BOGO,0,Female,100072.0,1,49,2024
789,Accessories,21662,Discount10,1,Male,85982.0,10,41,2022
790,Tablet,24510,HolidayDeal,1,Female,56683.0,12,26,2022
791,Smartphone,13651,Discount10,1,Female,134091.0,1,21,2024
792,Accessories,41998,Discount10,0,Male,137797.0,3,34,2024
793,Laptop,29535,BOGO,1,Female,37618.0,8,34,2023
794,Accessories,7640,Clearance,1,Male,26587.0,8,47,2023
795,Laptop,45547,Discount10,0,Male,82790.0,11,57,2023
796,Tablet,16317,HolidayDeal,1,Female,51480.0,4,28,2024
797,Laptop,8564,HolidayDeal,0,Male,118530.0,6,38,2024
798,Tablet,28345,Clearance,1,Female,,8,38,2024
799,Laptop,49288,HolidayDeal,1,Male,43569.0,7,35,2023
800,Tablet,29687,Clearance,0,Male,,11,46,2024
801,Laptop,14737,HolidayDeal,1,Male,91094.0,7,41,2022
802,Smartphone,10323,BOGO,1,Female,79174.0,4,27,2024
803,Laptop,16229,Discount10,0,Male,64739.0,9,62,2024
804,Laptop,45481,BOGO,1,Female,52954.0,12,34,2024
805,Smartphone,9502,Discount10,1,Male,132984.0,10,35,2024
806,Accessories,1545,Discount10,1,Male,132863.0,6,59,2024
807,Accessories,38114,Discount10,0,Female,129373.0,12,37,2022
808,Laptop,30430,BOGO,1,Female,55303.0,11,54,2022
809,Smartphone,10996,Discount10,1,Female,54700.0,3,62,2024
810,Laptop,28788,BOGO,0,Female,113036.0,5,35,2023
811,Tablet,30969,Clearance,1,Female,143728.0,5,34,2024
812,Tablet,49543,HolidayDeal,1,Male,,5,26,2024
813,Laptop,14919,,1,Male,86788.0,8,31,2024
814,Accessories,4810,Discount10,1,Female,91045.0,9,46,2023
815,Accessories,31586,BOGO,1,Male,57842.0,9,48,2023
816,Laptop,40974,HolidayDeal,1,Male,33900.0,6,21,2023
817,Laptop,42773,BOGO,0,Male,147992.0,6,35,2022
818,Tablet,17371,BOGO,1,Female,100059.0,9,37,2023
819,Accessories,46084,Discount10,1,Male,21881.0,4,64,2022
820,Laptop,30629,HolidayDeal,1,Male,53037.0,6,60,2022
821,Tablet,9436,Discount10,1,Male,21630.0,4,61,2023
822,Accessories,13984,Discount10,1,Female,,11,26,2023
823,Smartphone,34039,HolidayDeal,1,Male,146083.0,1,30,2023
824,Tablet,20895,HolidayDeal,1,Male,108059.0,7,32,2022
825,Accessories,19155,Clearance,1,Female,103494.0,10,44,2024
826,Accessories,11616,Clearance,1,Female,,11,32,2023
827,Tablet,38129,BOGO,0,Male,68920.0,12,45,2023
828,Smartphone,40837,HolidayDeal,0,Male,129388.0,6,54,2023
829,Tablet,25574,Clearance,1,Female,87231.0,9,36,2022
830,Accessories,4430,BOGO,0,Female,137946.0,7,43,2022
831,Laptop,13676,BOGO,0,Female,100357.0,7,43,2024
832,Laptop,11816,BOGO,0,Female,23262.0,2,42,2023
833,Tablet,33733,Clearance,0,Female,86981.0,12,43,2022
834,Accessories,21144,HolidayDeal,0,Female,140951.0,11,43,2024
835,Laptop,3050,Discount10,1,Female,143099.0,9,63,2023
836,Accessories,45460,BOGO,0,Male,101972.0,10,45,2022
837,Tablet,34933,Clearance,1,Female,95485.0,9,35,2023
838,Laptop,25951,Clearance,1,Female,74722.0,6,49,2023
839,Accessories,33413,Discount10,1,Male,109499.0,3,20,2022
840,Laptop,35801,Discount10,0,Female,70818.0,1,19,2022
841,Tablet,33913,Clearance,1,Female,49932.0,4,50,2022
842,Accessories,48037,HolidayDeal,1,Male,26901.0,3,59,2023
843,Laptop,41600,Discount10,1,Female,137473.0,12,36,2023
844,Tablet,26280,Clearance,1,Male,119023.0,1,34,2024
845,Laptop,25557,Discount10,1,Male,28597.0,3,61,2023
846,Laptop,48054,HolidayDeal,0,Male,149631.0,4,50,2022
847,Smartphone,36400,BOGO,1,Male,83909.0,8,29,2023
848,Smartphone,5494,Discount10,1,Female,92391.0,9,20,2024
849,Tablet,16152,,1,Male,104214.0,3,60,2024
850,Smartphone,24895,Clearance,1,Male,28263.0,6,43,2022
851,Tablet,10155,Discount10,0,Female,83293.0,10,52,2022
852,Smartphone,32883,Discount10,1,Male,132824.0,11,25,2024
853,Laptop,44194,Clearance,0,Male,144933.0,5,53,2024
854,Tablet,44001,BOGO,0,Male,45805.0,6,24,2024
855,Tablet,2828,Clearance,0,Male,111679.0,4,63,2022
856,Laptop,46028,Discount10,0,Female,31874.0,10,63,2024
857,Tablet,42898,Clearance,1,Male,113065.0,6,53,2024
858,Tablet,33123,HolidayDeal,0,Female,106402.0,7,33,2022
859,Smartphone,38573,Clearance,0,Female,34079.0,9,41,2023
860,Tablet,1806,Discount10,1,Male,69850.0,10,18,2023
861,Accessories,41970,Clearance,1,Male,92779.0,7,42,2024
862,Laptop,30757,BOGO,1,Male,115408.0,6,27,2023
863,Smartphone,35636,Clearance,1,Male,29018.0,1,33,2023
864,Smartphone,15561,BOGO,1,Female,140606.0,2,33,2023
865,Accessories,49280,HolidayDeal,0,Female,,1,25,2023
866,Laptop,25262,BOGO,0,Female,140062.0,9,46,2024
867,Laptop,15899,,1,Male,32100.0,10,56,2023
868,Smartphone,49988,Discount10,0,Female,77021.0,10,45,2023
869,Tablet,16934,BOGO,1,Male,,9,23,2022
870,Smartphone,39197,HolidayDeal,0,Male,39800.0,7,33,2024
871,Laptop,42844,BOGO,0,Male,,2,37,2022
872,Accessories,37332,BOGO,1,Male,83400.0,6,33,2022
873,Smartphone,35157,BOGO,1,Male,112446.0,11,24,2024
874,Laptop,12593,HolidayDeal,1,Female,49437.0,4,58,2023
875,Smartphone,41042,Clearance,1,Female,123124.0,1,31,2022
876,Tablet,18320,BOGO,0,Male,96537.0,1,60,2024
877,Smartphone,28376,BOGO,0,Female,66675.0,12,43,2023
878,Smartphone,44513,Discount10,1,Male,39942.0,5,43,2024
879,Laptop,15199,HolidayDeal,1,Male,40862.0,12,31,2022
880,Laptop,16876,BOGO,0,Male,31669.0,2,24,2023
881,Laptop,9245,HolidayDeal,1,Female,141219.0,4,50,2023
882,Smartphone,8214,BOGO,0,Male,73772.0,1,43,2024
883,Tablet,1726,Clearance,1,Male,35916.0,4,62,2023
884,Accessories,47600,Clearance,0,Female,30878.0,11,37,2022
885,Accessories,12362,BOGO,1,Female,22985.0,6,20,2022
886,Laptop,19297,Clearance,1,Female,117905.0,10,21,2022
887,Laptop,31448,BOGO,0,Male,93648.0,4,43,2024
888,Smartphone,27172,Clearance,1,Male,61235.0,1,28,2023
889,Accessories,43874,Discount10,1,Female,38931.0,7,19,2023
890,Laptop,8657,Discount10,0,Male,112876.0,2,31,2023
891,Tablet,19850,Discount10,0,Female,20336.0,9,61,2022
892,Tablet,26425,HolidayDeal,0,Female,62933.0,3,47,2023
893,Laptop,27685,HolidayDeal,0,Male,104899.0,8,29,2022
894,Laptop,48319,Discount10,1,Male,65536.0,8,43,2023
895,Accessories,25578,HolidayDeal,1,Female,,3,61,2022
896,Accessories,29831,Clearance,1,Female,119214.0,4,50,2023
897,Smartphone,8906,BOGO,0,Female,71148.0,2,30,2024
898,Accessories,8287,BOGO,0,Female,133936.0,4,31,2024
899,Tablet,34660,BOGO,0,Male,36279.0,11,41,2022
900,Tablet,11222,Discount10,1,Female,88665.0,11,51,2022
901,Laptop,38443,HolidayDeal,1,Female,123751.0,11,61,2023
902,Accessories,35701,Clearance,0,Female,124433.0,9,43,2023
903,Smartphone,18764,Clearance,1,Male,91386.0,2,38,2024
904,Tablet,45641,Discount10,1,Male,106124.0,12,45,2023
905,Tablet,18674,Clearance,1,Female,125750.0,12,53,2022
906,Smartphone,19024,Clearance,1,Male,97485.0,3,57,2022
907,Smartphone,47007,Clearance,1,Male,94055.0,11,19,2022
908,Tablet,24874,Clearance,1,Male,111911.0,11,59,2022
909,Tablet,44642,HolidayDeal,1,Female,118618.0,4,26,2022
910,Smartphone,33284,Clearance,1,Female,,5,40,2024
911,Tablet,18602,BOGO,0,Male,86670.0,1,32,2024
912,Laptop,38784,Discount10,0,Female,96474.0,7,30,2022
913,Laptop,24265,HolidayDeal,0,Female,74028.0,10,40,2023
914,Smartphone,26931,Clearance,1,Male,,7,34,2022
915,Accessories,29841,HolidayDeal,0,Male,133892.0,9,19,2024
916,Smartphone,30192,Clearance,1,Female,111632.0,4,37,2022
917,Smartphone,47542,BOGO,1,Male,126651.0,6,37,2024
918,Accessories,43520,Discount10,1,Female,91128.0,11,63,2024
919,Accessories,16585,Clearance,0,Female,38108.0,2,20,2022
920,Accessories,26559,Clearance,1,Male,72495.0,12,29,2022
921,Laptop,41059,Clearance,1,Female,102806.0,12,57,2023
922,Tablet,34742,Clearance,1,Female,113185.0,4,19,2024
923,Laptop,5133,Discount10,0,Male,96533.0,2,53,2023
924,Tablet,15663,Discount10,1,Male,119025.0,10,31,2022
925,Laptop,22754,BOGO,0,Male,76830.0,5,33,2024
926,Tablet,4972,Discount10,0,Female,94640.0,7,36,2023
927,Laptop,6295,Clearance,1,Male,72509.0,1,51,2023
928,Accessories,47681,BOGO,1,Male,,10,61,2023
929,Smartphone,42873,,1,Male,114220.0,10,63,2022
930,Laptop,30125,BOGO,1,Male,59519.0,7,23,2022
931,Tablet,41996,Clearance,1,Female,69649.0,10,30,2022
932,Accessories,10903,HolidayDeal,1,Female,54524.0,6,53,2024
933,Laptop,4020,Clearance,0,Male,116493.0,6,39,2022
934,Laptop,42755,Discount10,1,Female,53885.0,12,35,2024
935,Accessories,21420,Discount10,0,Male,64369.0,8,29,2023
936,Laptop,22452,Clearance,1,Male,121132.0,8,47,2023
937,Smartphone,46648,Clearance,1,Female,115402.0,6,57,2022
938,Laptop,39001,BOGO,0,Female,50676.0,3,24,2023
939,Smartphone,10516,Clearance,1,Male,84093.0,5,49,2022
940,Smartphone,48327,BOGO,1,Male,67764.0,2,36,2024
941,Accessories,3396,Discount10,1,Female,70799.0,5,23,2023
942,Laptop,19546,BOGO,1,Male,99414.0,9,37,2022
943,Accessories,20129,Clearance,1,Female,125296.0,10,44,2023
944,Laptop,2591,Discount10,1,Male,113095.0,1,60,2023
945,Laptop,12303,HolidayDeal,0,Male,132082.0,10,54,2022
946,Tablet,31561,BOGO,1,Female,92307.0,5,24,2023
947,Laptop,7183,Discount10,1,Female,,12,22,2023
948,Accessories,27572,BOGO,0,Female,115432.0,6,28,2023
949,Smartphone,35080,Discount10,0,Female,51923.0,11,32,2023
950,Laptop,21695,Discount10,1,Female,137449.0,7,20,2024
951,Tablet,8314,BOGO,1,Female,121739.0,9,22,2023
952,Accessories,20623,HolidayDeal,1,Female,124926.0,6,40,2023
953,Laptop,3139,Discount10,1,Male,98388.0,5,54,2022
954,Accessories,48456,Discount10,0,Male,,12,26,2024
955,Tablet,32290,Discount10,0,Male,63391.0,7,32,2022
956,Tablet,19088,HolidayDeal,1,Female,148691.0,1,20,2022
957,Accessories,40692,HolidayDeal,0,Female,141757.0,11,46,2022
958,Laptop,34130,Clearance,0,Female,73664.0,5,23,2024
959,Smartphone,33088,BOGO,0,Male,87384.0,2,34,2022
960,Tablet,27292,HolidayDeal,1,Female,51027.0,4,43,2022
961,Laptop,47249,BOGO,1,Female,55464.0,7,38,2022
962,Laptop,21670,Clearance,0,Male,54485.0,5,25,2023
963,Smartphone,4738,BOGO,1,Female,148366.0,12,38,2022
964,Tablet,3469,HolidayDeal,1,Male,39456.0,6,28,2024
965,Tablet,23534,BOGO,1,Male,94795.0,2,55,2024
966,Laptop,49874,HolidayDeal,0,Female,55554.0,3,25,2023
967,Laptop,10017,BOGO,1,Female,,7,59,2024
968,Smartphone,3808,HolidayDeal,0,Female,33409.0,11,41,2024
969,Smartphone,48638,HolidayDeal,1,Male,89327.0,2,52,2023
970,Tablet,13713,BOGO,1,Male,111400.0,12,31,2022
971,Accessories,41329,Clearance,0,Male,56639.0,6,31,2023
972,Tablet,3719,Discount10,1,Female,120110.0,5,27,2022
973,Laptop,23890,Clearance,1,Female,83627.0,10,29,2022
974,Tablet,12700,BOGO,0,Female,,1,55,2024
975,Accessories,37509,Clearance,1,Female,39692.0,12,61,2023
976,Smartphone,43534,HolidayDeal,0,Male,109037.0,11,63,2024
977,Accessories,37766,Discount10,1,Male,98840.0,10,51,2024
978,Accessories,27705,BOGO,1,Male,74200.0,11,58,2022
979,Accessories,19787,BOGO,1,Male,113063.0,4,27,2024
980,Smartphone,49845,BOGO,0,Female,,11,34,2023
981,Accessories,27588,Discount10,1,Female,38074.0,2,34,2024
982,Accessories,27123,HolidayDeal,1,Female,35549.0,4,20,2024
983,Accessories,34062,BOGO,1,Male,49963.0,1,48,2022
984,Laptop,11177,Clearance,1,Male,111456.0,2,18,2023
985,Accessories,22727,BOGO,1,Female,116362.0,8,29,2024
986,Smartphone,31220,BOGO,0,Female,121607.0,6,56,2022
987,Accessories,10882,BOGO,0,Male,72265.0,2,21,2024
988,Accessories,2136,BOGO,1,Female,36061.0,12,59,2023
989,Smartphone,35832,HolidayDeal,0,Male,78226.0,6,30,2024
990,Accessories,32966,Clearance,1,Male,48810.0,10,51,2024
991,Smartphone,8009,HolidayDeal,1,Male,80006.0,9,59,2022
992,Accessories,13987,Clearance,0,Female,142538.0,7,38,2024
993,Smartphone,38311,BOGO,1,Female,133502.0,9,39,2022
994,Accessories,32575,Discount10,1,Male,42800.0,5,21,2023
995,Accessories,2007,HolidayDeal,1,Female,136192.0,7,35,2024
996,Laptop,6445,,0,Male,128959.0,11,22,2023
997,Laptop,11706,HolidayDeal,0,Male,145433.0,7,36,2023
998,Accessories,48517,BOGO,1,Male,127228.0,12,19,2024
999,Accessories,45486,HolidayDeal,1,Male,95476.0,12,29,2022
1000,Tablet,30257,BOGO,1,Female,89460.0,3,34,2023
